[{"model": "admin.logentry", "pk": 1, "fields": {"action_time": "2022-08-29T14:07:15.723Z", "user": 1, "content_type": 16, "object_id": "1", "object_repr": "SiteSettings object (1)", "action_flag": 1, "change_message": "[{\"added\": {}}]"}}, {"model": "admin.logentry", "pk": 2, "fields": {"action_time": "2022-08-29T14:07:39.413Z", "user": 1, "content_type": 16, "object_id": "1", "object_repr": "SiteSettings object (1)", "action_flag": 1, "change_message": "[{\"added\": {}}]"}}, {"model": "admin.logentry", "pk": 3, "fields": {"action_time": "2022-08-29T14:07:42.908Z", "user": 1, "content_type": 16, "object_id": "1", "object_repr": "SiteSettings object (1)", "action_flag": 1, "change_message": "[{\"added\": {}}]"}}, {"model": "admin.logentry", "pk": 4, "fields": {"action_time": "2022-08-29T14:07:46.930Z", "user": 1, "content_type": 16, "object_id": "1", "object_repr": "SiteSettings object (1)", "action_flag": 1, "change_message": "[{\"added\": {}}]"}}, {"model": "admin.logentry", "pk": 5, "fields": {"action_time": "2022-08-29T14:07:51.325Z", "user": 1, "content_type": 16, "object_id": "1", "object_repr": "SiteSettings object (1)", "action_flag": 1, "change_message": "[{\"added\": {}}]"}}, {"model": "admin.logentry", "pk": 6, "fields": {"action_time": "2022-08-29T14:07:56.130Z", "user": 1, "content_type": 16, "object_id": "1", "object_repr": "SiteSettings object (1)", "action_flag": 1, "change_message": "[{\"added\": {}}]"}}, {"model": "admin.logentry", "pk": 7, "fields": {"action_time": "2022-09-02T19:21:04.547Z", "user": 1, "content_type": 13, "object_id": "1", "object_repr": "test0@mail.com – test10@mail.com – test11@mail.com", "action_flag": 1, "change_message": "[{\"added\": {}}]"}}, {"model": "admin.logentry", "pk": 8, "fields": {"action_time": "2022-09-02T19:25:11.610Z", "user": 1, "content_type": 13, "object_id": "1", "object_repr": "ilhanchanel20002@gmail.com", "action_flag": 2, "change_message": "[{\"changed\": {\"fields\": [\"Kat\\u0131l\\u0131mc\\u0131lar\"]}}]"}}, {"model": "admin.logentry", "pk": 9, "fields": {"action_time": "2022-09-02T19:25:22.557Z", "user": 1, "content_type": 13, "object_id": "1", "object_repr": "nsit2002@gmail.com – ilhanchanel20002@gmail.com", "action_flag": 2, "change_message": "[{\"changed\": {\"fields\": [\"Kat\\u0131l\\u0131mc\\u0131lar\"]}}]"}}, {"model": "admin.logentry", "pk": 10, "fields": {"action_time": "2022-09-02T19:25:27.511Z", "user": 1, "content_type": 13, "object_id": "1", "object_repr": "nsit2002@gmail.com – test0@mail.com – ilhanchanel20002@gmail.com", "action_flag": 2, "change_message": "[{\"changed\": {\"fields\": [\"Kat\\u0131l\\u0131mc\\u0131lar\"]}}]"}}, {"model": "admin.logentry", "pk": 11, "fields": {"action_time": "2022-09-02T19:28:44.536Z", "user": 1, "content_type": 13, "object_id": "1", "object_repr": "nsit2002@gmail.com – ilhanchanel20002@gmail.com", "action_flag": 2, "change_message": "[{\"changed\": {\"fields\": [\"Kat\\u0131l\\u0131mc\\u0131lar\"]}}]"}}, {"model": "admin.logentry", "pk": 12, "fields": {"action_time": "2022-09-02T19:28:49.166Z", "user": 1, "content_type": 13, "object_id": "1", "object_repr": "ilhanchanel20002@gmail.com", "action_flag": 2, "change_message": "[{\"changed\": {\"fields\": [\"Kat\\u0131l\\u0131mc\\u0131lar\"]}}]"}}, {"model": "admin.logentry", "pk": 13, "fields": {"action_time": "2022-09-02T19:28:59.966Z", "user": 1, "content_type": 13, "object_id": "1", "object_repr": "nsit2002@gmail.com – ilhanchanel20002@gmail.com", "action_flag": 2, "change_message": "[{\"changed\": {\"fields\": [\"Kat\\u0131l\\u0131mc\\u0131lar\"]}}]"}}, {"model": "admin.logentry", "pk": 14, "fields": {"action_time": "2022-09-02T19:29:03.671Z", "user": 1, "content_type": 13, "object_id": "1", "object_repr": "nsit2002@gmail.com – test0@mail.com – ilhanchanel20002@gmail.com", "action_flag": 2, "change_message": "[{\"changed\": {\"fields\": [\"Kat\\u0131l\\u0131mc\\u0131lar\"]}}]"}}, {"model": "admin.logentry", "pk": 15, "fields": {"action_time": "2022-09-17T11:36:13.419Z", "user": 1, "content_type": 13, "object_id": "1", "object_repr": "nsit2002@gmail.com – test0@mail.com – ilhanchanel20002@gmail.com", "action_flag": 3, "change_message": ""}}, {"model": "admin.logentry", "pk": 16, "fields": {"action_time": "2022-09-17T11:46:24.590Z", "user": 1, "content_type": 13, "object_id": "3", "object_repr": "0", "action_flag": 3, "change_message": ""}}, {"model": "admin.logentry", "pk": 17, "fields": {"action_time": "2022-09-17T11:46:24.653Z", "user": 1, "content_type": 13, "object_id": "2", "object_repr": "0", "action_flag": 3, "change_message": ""}}, {"model": "admin.logentry", "pk": 18, "fields": {"action_time": "2022-09-17T11:47:28.761Z", "user": 1, "content_type": 13, "object_id": "4", "object_repr": "0", "action_flag": 3, "change_message": ""}}, {"model": "admin.logentry", "pk": 19, "fields": {"action_time": "2022-09-17T11:54:03.628Z", "user": 1, "content_type": 8, "object_id": "2", "object_repr": "Diana Keeter -  test0@mail.com", "action_flag": 2, "change_message": "[{\"changed\": {\"fields\": [\"Staff status\"]}}]"}}, {"model": "admin.logentry", "pk": 20, "fields": {"action_time": "2022-09-17T11:57:04.942Z", "user": 1, "content_type": 13, "object_id": "5", "object_repr": "nsit2002@gmail.com", "action_flag": 3, "change_message": ""}}, {"model": "admin.logentry", "pk": 21, "fields": {"action_time": "2022-09-17T11:57:25.187Z", "user": 1, "content_type": 13, "object_id": "6", "object_repr": "nsit2002@gmail.com", "action_flag": 3, "change_message": ""}}, {"model": "admin.logentry", "pk": 22, "fields": {"action_time": "2022-09-19T03:56:28.884Z", "user": 1, "content_type": 8, "object_id": "55", "object_repr": "Ragnar Lodbroke -  a2@mail.com", "action_flag": 2, "change_message": "[{\"changed\": {\"fields\": [\"First name\", \"Last name\", \"Avukatm\\u0131d\\u0131r?\", \"Alanlar\"]}}]"}}, {"model": "auth.permission", "pk": 1, "fields": {"name": "Can add log entry", "content_type": 1, "codename": "add_logentry"}}, {"model": "auth.permission", "pk": 2, "fields": {"name": "Can change log entry", "content_type": 1, "codename": "change_logentry"}}, {"model": "auth.permission", "pk": 3, "fields": {"name": "Can delete log entry", "content_type": 1, "codename": "delete_logentry"}}, {"model": "auth.permission", "pk": 4, "fields": {"name": "Can view log entry", "content_type": 1, "codename": "view_logentry"}}, {"model": "auth.permission", "pk": 5, "fields": {"name": "Can add permission", "content_type": 2, "codename": "add_permission"}}, {"model": "auth.permission", "pk": 6, "fields": {"name": "Can change permission", "content_type": 2, "codename": "change_permission"}}, {"model": "auth.permission", "pk": 7, "fields": {"name": "Can delete permission", "content_type": 2, "codename": "delete_permission"}}, {"model": "auth.permission", "pk": 8, "fields": {"name": "Can view permission", "content_type": 2, "codename": "view_permission"}}, {"model": "auth.permission", "pk": 9, "fields": {"name": "Can add group", "content_type": 3, "codename": "add_group"}}, {"model": "auth.permission", "pk": 10, "fields": {"name": "Can change group", "content_type": 3, "codename": "change_group"}}, {"model": "auth.permission", "pk": 11, "fields": {"name": "Can delete group", "content_type": 3, "codename": "delete_group"}}, {"model": "auth.permission", "pk": 12, "fields": {"name": "Can view group", "content_type": 3, "codename": "view_group"}}, {"model": "auth.permission", "pk": 13, "fields": {"name": "Can add content type", "content_type": 4, "codename": "add_contenttype"}}, {"model": "auth.permission", "pk": 14, "fields": {"name": "Can change content type", "content_type": 4, "codename": "change_contenttype"}}, {"model": "auth.permission", "pk": 15, "fields": {"name": "Can delete content type", "content_type": 4, "codename": "delete_contenttype"}}, {"model": "auth.permission", "pk": 16, "fields": {"name": "Can view content type", "content_type": 4, "codename": "view_contenttype"}}, {"model": "auth.permission", "pk": 17, "fields": {"name": "Can add session", "content_type": 5, "codename": "add_session"}}, {"model": "auth.permission", "pk": 18, "fields": {"name": "Can change session", "content_type": 5, "codename": "change_session"}}, {"model": "auth.permission", "pk": 19, "fields": {"name": "Can delete session", "content_type": 5, "codename": "delete_session"}}, {"model": "auth.permission", "pk": 20, "fields": {"name": "Can view session", "content_type": 5, "codename": "view_session"}}, {"model": "auth.permission", "pk": 21, "fields": {"name": "Can add sıkça sorulan soru", "content_type": 6, "codename": "add_faq"}}, {"model": "auth.permission", "pk": 22, "fields": {"name": "Can change sıkça sorulan soru", "content_type": 6, "codename": "change_faq"}}, {"model": "auth.permission", "pk": 23, "fields": {"name": "Can delete sıkça sorulan soru", "content_type": 6, "codename": "delete_faq"}}, {"model": "auth.permission", "pk": 24, "fields": {"name": "Can view sıkça sorulan soru", "content_type": 6, "codename": "view_faq"}}, {"model": "auth.permission", "pk": 25, "fields": {"name": "Can add medya hesabı", "content_type": 7, "codename": "add_media"}}, {"model": "auth.permission", "pk": 26, "fields": {"name": "Can change medya hesabı", "content_type": 7, "codename": "change_media"}}, {"model": "auth.permission", "pk": 27, "fields": {"name": "Can delete medya hesabı", "content_type": 7, "codename": "delete_media"}}, {"model": "auth.permission", "pk": 28, "fields": {"name": "Can view medya hesabı", "content_type": 7, "codename": "view_media"}}, {"model": "auth.permission", "pk": 29, "fields": {"name": "Can add user", "content_type": 8, "codename": "add_user"}}, {"model": "auth.permission", "pk": 30, "fields": {"name": "Can change user", "content_type": 8, "codename": "change_user"}}, {"model": "auth.permission", "pk": 31, "fields": {"name": "Can delete user", "content_type": 8, "codename": "delete_user"}}, {"model": "auth.permission", "pk": 32, "fields": {"name": "Can view user", "content_type": 8, "codename": "view_user"}}, {"model": "auth.permission", "pk": 33, "fields": {"name": "Can add alan", "content_type": 9, "codename": "add_area"}}, {"model": "auth.permission", "pk": 34, "fields": {"name": "Can change alan", "content_type": 9, "codename": "change_area"}}, {"model": "auth.permission", "pk": 35, "fields": {"name": "Can delete alan", "content_type": 9, "codename": "delete_area"}}, {"model": "auth.permission", "pk": 36, "fields": {"name": "Can view alan", "content_type": 9, "codename": "view_area"}}, {"model": "auth.permission", "pk": 37, "fields": {"name": "Can add eleştiri", "content_type": 10, "codename": "add_review"}}, {"model": "auth.permission", "pk": 38, "fields": {"name": "Can change eleştiri", "content_type": 10, "codename": "change_review"}}, {"model": "auth.permission", "pk": 39, "fields": {"name": "Can delete eleştiri", "content_type": 10, "codename": "delete_review"}}, {"model": "auth.permission", "pk": 40, "fields": {"name": "Can view eleştiri", "content_type": 10, "codename": "view_review"}}, {"model": "auth.permission", "pk": 41, "fields": {"name": "Can add haber", "content_type": 11, "codename": "add_post"}}, {"model": "auth.permission", "pk": 42, "fields": {"name": "Can change haber", "content_type": 11, "codename": "change_post"}}, {"model": "auth.permission", "pk": 43, "fields": {"name": "Can delete haber", "content_type": 11, "codename": "delete_post"}}, {"model": "auth.permission", "pk": 44, "fields": {"name": "Can view haber", "content_type": 11, "codename": "view_post"}}, {"model": "auth.permission", "pk": 45, "fields": {"name": "Can add yorum", "content_type": 12, "codename": "add_comment"}}, {"model": "auth.permission", "pk": 46, "fields": {"name": "Can change yorum", "content_type": 12, "codename": "change_comment"}}, {"model": "auth.permission", "pk": 47, "fields": {"name": "Can delete yorum", "content_type": 12, "codename": "delete_comment"}}, {"model": "auth.permission", "pk": 48, "fields": {"name": "Can view yorum", "content_type": 12, "codename": "view_comment"}}, {"model": "auth.permission", "pk": 49, "fields": {"name": "Can add sohbet", "content_type": 13, "codename": "add_chat"}}, {"model": "auth.permission", "pk": 50, "fields": {"name": "Can change sohbet", "content_type": 13, "codename": "change_chat"}}, {"model": "auth.permission", "pk": 51, "fields": {"name": "Can delete sohbet", "content_type": 13, "codename": "delete_chat"}}, {"model": "auth.permission", "pk": 52, "fields": {"name": "Can view sohbet", "content_type": 13, "codename": "view_chat"}}, {"model": "auth.permission", "pk": 53, "fields": {"name": "Can add mesaj", "content_type": 14, "codename": "add_message"}}, {"model": "auth.permission", "pk": 54, "fields": {"name": "Can change mesaj", "content_type": 14, "codename": "change_message"}}, {"model": "auth.permission", "pk": 55, "fields": {"name": "Can delete mesaj", "content_type": 14, "codename": "delete_message"}}, {"model": "auth.permission", "pk": 56, "fields": {"name": "Can view mesaj", "content_type": 14, "codename": "view_message"}}, {"model": "auth.permission", "pk": 57, "fields": {"name": "Can add ticket", "content_type": 15, "codename": "add_ticket"}}, {"model": "auth.permission", "pk": 58, "fields": {"name": "Can change ticket", "content_type": 15, "codename": "change_ticket"}}, {"model": "auth.permission", "pk": 59, "fields": {"name": "Can delete ticket", "content_type": 15, "codename": "delete_ticket"}}, {"model": "auth.permission", "pk": 60, "fields": {"name": "Can view ticket", "content_type": 15, "codename": "view_ticket"}}, {"model": "auth.permission", "pk": 61, "fields": {"name": "Can add site settings", "content_type": 16, "codename": "add_sitesettings"}}, {"model": "auth.permission", "pk": 62, "fields": {"name": "Can change site settings", "content_type": 16, "codename": "change_sitesettings"}}, {"model": "auth.permission", "pk": 63, "fields": {"name": "Can delete site settings", "content_type": 16, "codename": "delete_sitesettings"}}, {"model": "auth.permission", "pk": 64, "fields": {"name": "Can view site settings", "content_type": 16, "codename": "view_sitesettings"}}, {"model": "contenttypes.contenttype", "pk": 1, "fields": {"app_label": "admin", "model": "logentry"}}, {"model": "contenttypes.contenttype", "pk": 2, "fields": {"app_label": "auth", "model": "permission"}}, {"model": "contenttypes.contenttype", "pk": 3, "fields": {"app_label": "auth", "model": "group"}}, {"model": "contenttypes.contenttype", "pk": 4, "fields": {"app_label": "contenttypes", "model": "contenttype"}}, {"model": "contenttypes.contenttype", "pk": 5, "fields": {"app_label": "sessions", "model": "session"}}, {"model": "contenttypes.contenttype", "pk": 6, "fields": {"app_label": "we", "model": "faq"}}, {"model": "contenttypes.contenttype", "pk": 7, "fields": {"app_label": "we", "model": "media"}}, {"model": "contenttypes.contenttype", "pk": 8, "fields": {"app_label": "users", "model": "user"}}, {"model": "contenttypes.contenttype", "pk": 9, "fields": {"app_label": "users", "model": "area"}}, {"model": "contenttypes.contenttype", "pk": 10, "fields": {"app_label": "users", "model": "review"}}, {"model": "contenttypes.contenttype", "pk": 11, "fields": {"app_label": "posts", "model": "post"}}, {"model": "contenttypes.contenttype", "pk": 12, "fields": {"app_label": "posts", "model": "comment"}}, {"model": "contenttypes.contenttype", "pk": 13, "fields": {"app_label": "messenger", "model": "chat"}}, {"model": "contenttypes.contenttype", "pk": 14, "fields": {"app_label": "messenger", "model": "message"}}, {"model": "contenttypes.contenttype", "pk": 15, "fields": {"app_label": "api", "model": "ticket"}}, {"model": "contenttypes.contenttype", "pk": 16, "fields": {"app_label": "we", "model": "sitesettings"}}, {"model": "sessions.session", "pk": "63tn9hgst1zsxkzomqzr0cwnrsep31p3", "fields": {"session_data": ".eJxVjEsOwjAMBe-SNYoaN4kjluw5QxQ7NimgVupnhbg7VOoCtm9m3svksq0tb4vMeajmbJw5_W5U-CHjDuq9jLfJ8jSu80B2V-xBF3udqjwvh_t30MrSvjVC8lS6yEERg-tdKD46Sk6VoBeEThMDCisCQqhUySuLxNArUQTz_gDUuTgw:1oZwBJ:0GTt0zuwMucwS_l2sbv9QLYua0AtI0iE5CBNd__71AE", "expire_date": "2022-10-02T15:26:05.301Z"}}, {"model": "sessions.session", "pk": "9e1h9qzxoew9p2a5s4vblojy59cui0pn", "fields": {"session_data": ".eJxVjDsOwjAQBe_iGlnOx59NSc8ZLG92QwzIRnYigRB3h0gpoH0zb17Ch3WZ_Vq5-EhiEFqLw--IYbxy2ghdQjpnOea0lIhyU-ROqzxl4ttxd_8Cc6jz9z1Ztn3XIZA1oA1MABMqp9l1fYMtcMBROWtb5IYgkGMyGhVZJoeMZotWrjXm5Plxj-UpBvX-AMaPQAQ:1oa7w4:bKnWnJnHXNlv7AiAxHHRp7SXbCxPQL0RNFkLditX7F4", "expire_date": "2022-10-03T03:59:08.404Z"}}, {"model": "sessions.session", "pk": "9mo9en3zv59dou4bw7aat3i0wfw27iy3", "fields": {"session_data": ".eJxVjM0OwiAQhN-FsyFdlhXq0bvPQPhZpGpoUtqT8d2lSQ96nG--mbdwfluL2xovbkriIkiL0y8MPj657k16-HqfZZzrukxB7oo82iZvc-LX9XD_Dopvpa_1oJETUdSZDSKTYjAWAGm0eE6BQAVSI8QYB6URfU8WFUKG3IERny_guzai:1oa7vk:gpk2eax4cGwozf4Zm25psaK-wTHXRlOWyPG1-0mfAqw", "expire_date": "2022-10-03T03:58:48.773Z"}}, {"model": "sessions.session", "pk": "amtj2urw0q0buxj734jr0i15pnakg3aq", "fields": {"session_data": ".eJxVjM0OwiAQhN-FsyFdlhXq0bvPQPhZpGpoUtqT8d2lSQ96nG--mbdwfluL2xovbkriIkiL0y8MPj657k16-HqfZZzrukxB7oo82iZvc-LX9XD_Dopvpa_1oJETUdSZDSKTYjAWAGm0eE6BQAVSI8QYB6URfU8WFUKG3IERny_guzai:1oZwC1:4bTyy0Ss-v1XirNfPZal7QG4iS-OCm3tML706MIMk1U", "expire_date": "2022-10-02T15:26:49.237Z"}}, {"model": "sessions.session", "pk": "f03z40unu9v6r7qr7t0kxhz0kvbskcj8", "fields": {"session_data": ".eJxVjEsOwjAMBe-SNYoaN4kjluw5QxQ7NimgVupnhbg7VOoCtm9m3svksq0tb4vMeajmbJw5_W5U-CHjDuq9jLfJ8jSu80B2V-xBF3udqjwvh_t30MrSvjVC8lS6yEERg-tdKD46Sk6VoBeEThMDCisCQqhUySuLxNArUQTz_gDUuTgw:1oUByR:H44bvsaJ-krdlw2DQpu4x_WbtIQhpoPIlzM45xro8J4", "expire_date": "2022-09-16T19:05:03.753Z"}}, {"model": "sessions.session", "pk": "pa80xw604htgzyquuof1w4z55qu97m48", "fields": {"session_data": ".eJxVjDsOwjAQRO_iGllZr5d8SnrOYPmzIQZkIzuRQIi7k0gpoJz3ZuYtjF3mySyVi4lBDIK0OPxCZ_2N02bC1aZLlj6nuUQnt4rcbZXnHPh-2rt_B5Ot07rWjUYORF6P3CIyKYa2A0DqOzwGR6AcqR68943SiHZNHSqEEcYVtNtp5VpjToafj1heYmg-X2-5Pd8:1oa24v:7HBcN5-wlvaA9l25WpdGnZpJ1tNXI0_kIsEeFDSIjzI", "expire_date": "2022-10-02T21:43:53.500Z"}}, {"model": "sessions.session", "pk": "rsgj6ulms8g941uqyi475kjpc9iwuips", "fields": {"session_data": ".eJxVjEEOwiAQRe_C2pBCC9N06d4zEAZmLGrAQJtojHfXJl3o9r_330s4vy6zWxtVl6KYhBKH3w19uFLeQLz4fC4ylLzUhHJT5E6bPJVIt-Pu_gVm3-bvG_Q4oO9sMAxgVK-MH6zCUTGj7gl0x2PQQIFBgzYRIw4ciKzpGdHqLdqotVSyo8c91aeYuvcHgs8_bQ:1oZVkS:cVJ0ZjCkHPU7ADsljTZzj8BBGc0maVfjkxC5ik-cPcI", "expire_date": "2022-10-01T11:12:36.644Z"}}, {"model": "sessions.session", "pk": "xtsevoek4v9rtf1bwkh1pnhutmo3ec7d", "fields": {"session_data": ".eJxVjDsOwjAQRO_iGllZr5d8SnrOYPmzIQZkIzuRQIi7k0gpoJz3ZuYtjF3mySyVi4lBDIK0OPxCZ_2N02bC1aZLlj6nuUQnt4rcbZXnHPh-2rt_B5Ot07rWjUYORF6P3CIyKYa2A0DqOzwGR6AcqR68943SiHZNHSqEEcYVtNtp5VpjToafj1heYmg-X2-5Pd8:1oZWQY:h7CZzaF_rCO_1zNTScXGOnnCqTYdmeL55zK6AvDIr38", "expire_date": "2022-10-01T11:56:06.448Z"}}, {"model": "we.faq", "pk": 1, "fields": {"title": "Avukat Ne Demek?", "content": "Avukat, mahkeme sürecinde gerçek ya da tüzel kişilerin haklarını yargı önünde savunan, hukuki ve yasa işlerinde yol gösterici olan kişilere denilmektedir. Latince kökenli olan avukat kelimesi, mahkemeye tanık olarak çağrılan kimse, savunucu anlamlarına gelir. Avukatlık mesleği; hukuk fakültelerinde öğrenim görmüş, avukatlık stajını başarıyla bitirmiş ve yasaların gerektirdiği nitelikleri taşıyan kişiler tarafından yapılır."}}, {"model": "we.faq", "pk": 2, "fields": {"title": "Avukat Ne İş Yapar? Görev ve Sorumlulukları Nelerdir?", "content": "Avukatlık mesleği, 1136 nolu kanunda, ‘kamu hizmeti ve serbest meslek’ olarak tanımlanmıştır. Avukatlar Mahkeme sürecinde gerçek veya tüzel kişilerin haklarını dava etmek veya savunmak, Hukuki destek verdiği kişi/kurumun menfaatlerini koruyucu, anlaşmazlıkları önleyici hukuki tedbirleri alıp, anlaşma ve sözleşmeleri bu doğrultuda hazırlamak, Sözleşme ve şartname taslakları, kurum ile üçüncü kişiler arasındaki uyuşmazlıklarla ilgili hukuki mütalaa bildirmek, Davaları takip edip (karar tashihi, itiraz, temyiz vb.) sonuçlandırmak, Hukuki ve yasal konularda yorum yapmak gibi görevleri üstlenmektedir."}}, {"model": "we.faq", "pk": 3, "fields": {"title": "Avukat Olma Şartları Nelerdir?", "content": "Türkiye’de avukatlık yapabilmek için Türkiye Cumhuriyeti (TC) vatandaşı olmak, hukuk fakültesi mezunu olmak, avukatlık stajını tamamlamış olmak ve staj bitim belgesini almış olmak gerekir."}}, {"model": "we.faq", "pk": 4, "fields": {"title": "Kimler Avukatlık Yapamaz?", "content": "Kasten işlenen bir suç nedeniyle 2 yıldan fazla hapis cezası almış olmak, Devletin güvenliğine karşı suç işlemiş olmak ve Anayasal düzene ve bu düzenin işleyişine karşı suç işlemiş olmak (İrtikap, zimmet, hırsızlık, rüşvet,sahtecilik, dolandırıcılık, hileli iflas, ihaleye fesat karıştırma, güveni kötüye kullanma, suçtankaynaklanan malvarlığı değerlerini aklama veya kaçakçılık, edimin ifasına fesat karıştırma gibisuçlarından mahkûm olmak."}}, {"model": "we.faq", "pk": 5, "fields": {"title": "Avukatlık Stajı Nasıl Yapılır?", "content": "Avukatlık stajı 1 yıllık bir süreyi kapsar. Hukuk fakültesini bitirdikten sonra avukatlık stajının ilk 6 ayı mahkemelerde, diğer 6 ayı da baro levhasına kayıtlı, meslekte en az 5 yıl kıdemli bir avukat yanında yapılır."}}, {"model": "we.faq", "pk": 6, "fields": {"title": "Avukatta Olması Gereken Özellikler Nelerdir?", "content": "Avukat Sistematik düşünme yeteneğine sahip olmalı, Analiz gücü yüksek olmalı, Problemleri hızlı bir şekilde kavrayıp, çözümünde başrol oynayabilmeli ve Üstlendiği konuları etkili konuşma kabiliyetiyle savunabilmelidir."}}, {"model": "we.faq", "pk": 7, "fields": {"title": "Avukatta Olması Gereken Özellikler Nelerdir?", "content": "Avukat Sistematik düşünme yeteneğine sahip olmalı, Analiz gücü yüksek olmalı, Problemleri hızlı bir şekilde kavrayıp, çözümünde başrol oynayabilmeli, Üstlendiği konuları etkili konuşma kabiliyetiyle savunabilmelidir."}}, {"model": "we.faq", "pk": 8, "fields": {"title": "Avukat Branşları & Çeşitleri Nelerdir?", "content": "Avukatlar, hukuk önünde birey-kurumsal şirketleri argümanlarını toplayıp savunan, davalarını takip edip olumlu sonuçlar almayı sağlayan kişilerdir. Avukat olmak için uzun ve zorlu geçen bir eğitim sürecini başarıyla bitirmek gerekiyor. Lise sonrası milyonlarca öğrenci arasından sıyrılarak hukuk fakültesini kazanmalı, burayı bitirdikten sonra baro stajı ve tecrübeli avukat yanında 1 yıllık stajı da başarıyla bitirmek gerekiyor. Hukukun da çok sayıda alt dalı bulunuyor. Ticaret Hukuku, İş Hukuku, İdare Hukuku, Gayrimenkul Hukuku, Miras Hukuku, Aile Hukuku, İcra ve İflas Hukuku, Vergi Hukuku, Sözleşmeler ve Borçlar Hukuku, Tüketici Hukuku, Bilişim Hukuku, Ceza Hukuku, Kooperatifler Hukuku, Gayrimenkul ve Portföy Hukuku, Gayrimenkul Yönetim Danışmanlığı, Gayrimenkul Yönetim Hukuku gibi onlarca hukuk çeşidi bulunuyor. Dolayısıyla bu hukuk dallarına yönelik avukatların branşlaşma çalışmaları oluyor."}}, {"model": "we.sitesettings", "pk": 1, "fields": {"support_email": "support@example.com"}}, {"model": "users.area", "pk": "arabulucu", "fields": {"name": "Arabulucu"}}, {"model": "users.area", "pk": "bilisim", "fields": {"name": "Bilişim"}}, {"model": "users.area", "pk": "borc-alacak", "fields": {"name": "Borç-Alacak"}}, {"model": "users.area", "pk": "bosanma", "fields": {"name": "Boşanma"}}, {"model": "users.area", "pk": "ceza", "fields": {"name": "Ceza"}}, {"model": "users.area", "pk": "doktor-ve-hekim", "fields": {"name": "Doktor Ve Hekim"}}, {"model": "users.area", "pk": "emlak-ve-emlakc", "fields": {"name": "Emlak Ve Emlakçı"}}, {"model": "users.area", "pk": "icra-takip", "fields": {"name": "Icra Takip"}}, {"model": "users.area", "pk": "iflas", "fields": {"name": "Iflas"}}, {"model": "users.area", "pk": "isci-isveren", "fields": {"name": "Işçi-Işveren"}}, {"model": "users.area", "pk": "istisnaf", "fields": {"name": "Istisnaf"}}, {"model": "users.area", "pk": "kamu-idari", "fields": {"name": "Kamu-Idari"}}, {"model": "users.area", "pk": "miras", "fields": {"name": "Miras"}}, {"model": "users.area", "pk": "patent-marka", "fields": {"name": "Patent Marka"}}, {"model": "users.area", "pk": "sigorta", "fields": {"name": "Sigorta"}}, {"model": "users.area", "pk": "sirket-ve-ticaret", "fields": {"name": "Şirket Ve Ticaret"}}, {"model": "users.area", "pk": "tazminat", "fields": {"name": "Tazminat"}}, {"model": "users.area", "pk": "temyiz", "fields": {"name": "Temyiz"}}, {"model": "users.area", "pk": "trafik-ve-kaza", "fields": {"name": "Trafik Ve Kaza"}}, {"model": "users.area", "pk": "tuketici", "fields": {"name": "Tüketici"}}, {"model": "users.area", "pk": "uluslaras-hukuk", "fields": {"name": "Uluslarası Hukuk"}}, {"model": "users.area", "pk": "uzlastrc", "fields": {"name": "Uzlaştırıcı"}}, {"model": "users.area", "pk": "vergi", "fields": {"name": "Vergi"}}, {"model": "users.user", "pk": 1, "fields": {"password": "pbkdf2_sha256$320000$lNDAiPNKHnCHJmHRqLakZi$lvGkTvn+wPa5Ugw7c7jBKZQ2Yrx7C9cqT3dD2cTW7/I=", "last_login": "2022-09-18T15:26:05.281Z", "is_superuser": true, "first_name": "Ilkhan", "last_name": "Tatayev", "is_staff": true, "is_active": true, "date_joined": "2022-08-27T12:56:16.049Z", "email": "nsit2002@gmail.com", "phone_number": "", "whatsapp": "", "is_lawyer": false, "consultacy_free": false, "consultacy_price": 0, "license_date": null, "rate": 0.0, "city": null, "website": null, "avatar": "users/avatars/default.jpg", "bio": "", "groups": [], "user_permissions": [], "areas": [], "favorites": [3, 4, 5]}}, {"model": "users.user", "pk": 2, "fields": {"password": "", "last_login": null, "is_superuser": false, "first_name": "Diana", "last_name": "Keeter", "is_staff": true, "is_active": true, "date_joined": "2022-08-27T12:56:44Z", "email": "test0@mail.com", "phone_number": "05880372463", "whatsapp": "05188480825", "is_lawyer": true, "consultacy_free": true, "consultacy_price": 0, "license_date": "2022-08-27T12:56:44Z", "rate": 0.0, "city": null, "website": null, "avatar": "users/avatars/default.jpg", "bio": "", "groups": [], "user_permissions": [], "areas": ["arabulucu", "sirket-ve-ticaret", "uluslaras-hukuk"], "favorites": []}}, {"model": "users.user", "pk": 3, "fields": {"password": "", "last_login": null, "is_superuser": false, "first_name": "Clara", "last_name": "Moxley", "is_staff": false, "is_active": true, "date_joined": "2022-08-27T12:56:45.007Z", "email": "test1@mail.com", "phone_number": "05714953322", "whatsapp": "05812603390", "is_lawyer": true, "consultacy_free": true, "consultacy_price": 0, "license_date": "2022-08-27T12:56:45.007Z", "rate": 0.0, "city": null, "website": null, "avatar": "users/avatars/default.jpg", "bio": "", "groups": [], "user_permissions": [], "areas": ["doktor-ve-hekim", "patent-marka", "tazminat"], "favorites": [1]}}, {"model": "users.user", "pk": 4, "fields": {"password": "", "last_login": null, "is_superuser": false, "first_name": "Scott", "last_name": "Sease", "is_staff": false, "is_active": true, "date_joined": "2022-08-27T12:56:45.058Z", "email": "test2@mail.com", "phone_number": "05866594532", "whatsapp": "05483188369", "is_lawyer": true, "consultacy_free": true, "consultacy_price": 0, "license_date": "2022-08-27T12:56:45.058Z", "rate": 0.0, "city": null, "website": null, "avatar": "users/avatars/default.jpg", "bio": "", "groups": [], "user_permissions": [], "areas": ["kamu-idari", "trafik-ve-kaza", "uluslaras-hukuk"], "favorites": [1]}}, {"model": "users.user", "pk": 5, "fields": {"password": "", "last_login": null, "is_superuser": false, "first_name": "Rebecca", "last_name": "Butler", "is_staff": false, "is_active": true, "date_joined": "2022-08-27T12:56:45.105Z", "email": "test3@mail.com", "phone_number": "05995280220", "whatsapp": "05903762534", "is_lawyer": true, "consultacy_free": true, "consultacy_price": 0, "license_date": "2022-08-27T12:56:45.105Z", "rate": 0.0, "city": null, "website": null, "avatar": "users/avatars/default.jpg", "bio": "", "groups": [], "user_permissions": [], "areas": ["doktor-ve-hekim", "temyiz", "vergi"], "favorites": [1]}}, {"model": "users.user", "pk": 6, "fields": {"password": "", "last_login": null, "is_superuser": false, "first_name": "Lisa", "last_name": "Rhodes", "is_staff": false, "is_active": true, "date_joined": "2022-08-27T12:56:45.161Z", "email": "test4@mail.com", "phone_number": "05440481909", "whatsapp": "05910955315", "is_lawyer": true, "consultacy_free": true, "consultacy_price": 0, "license_date": "2022-08-27T12:56:45.161Z", "rate": 0.0, "city": null, "website": null, "avatar": "users/avatars/default.jpg", "bio": "", "groups": [], "user_permissions": [], "areas": ["bilisim", "borc-alacak", "vergi"], "favorites": []}}, {"model": "users.user", "pk": 7, "fields": {"password": "", "last_login": null, "is_superuser": false, "first_name": "Sandy", "last_name": "Vigna", "is_staff": false, "is_active": true, "date_joined": "2022-08-27T12:56:45.224Z", "email": "test5@mail.com", "phone_number": "05763847848", "whatsapp": "05138600186", "is_lawyer": true, "consultacy_free": true, "consultacy_price": 0, "license_date": "2022-08-27T12:56:45.224Z", "rate": 0.0, "city": null, "website": null, "avatar": "users/avatars/default.jpg", "bio": "", "groups": [], "user_permissions": [], "areas": ["doktor-ve-hekim", "sirket-ve-ticaret", "tazminat"], "favorites": []}}, {"model": "users.user", "pk": 8, "fields": {"password": "", "last_login": null, "is_superuser": false, "first_name": "Michael", "last_name": "Vine", "is_staff": false, "is_active": true, "date_joined": "2022-08-27T12:56:45.271Z", "email": "test6@mail.com", "phone_number": "05606764569", "whatsapp": "05669697063", "is_lawyer": true, "consultacy_free": true, "consultacy_price": 0, "license_date": "2022-08-27T12:56:45.271Z", "rate": 0.0, "city": null, "website": null, "avatar": "users/avatars/default.jpg", "bio": "", "groups": [], "user_permissions": [], "areas": ["sigorta", "tazminat", "temyiz"], "favorites": []}}, {"model": "users.user", "pk": 9, "fields": {"password": "", "last_login": null, "is_superuser": false, "first_name": "Tony", "last_name": "Lawson", "is_staff": false, "is_active": true, "date_joined": "2022-08-27T12:56:45.334Z", "email": "test7@mail.com", "phone_number": "05014608327", "whatsapp": "05284566462", "is_lawyer": true, "consultacy_free": true, "consultacy_price": 0, "license_date": "2022-08-27T12:56:45.334Z", "rate": 0.0, "city": null, "website": null, "avatar": "users/avatars/default.jpg", "bio": "", "groups": [], "user_permissions": [], "areas": ["emlak-ve-emlakc", "icra-takip", "kamu-idari"], "favorites": []}}, {"model": "users.user", "pk": 10, "fields": {"password": "", "last_login": null, "is_superuser": false, "first_name": "Marilyn", "last_name": "Shockey", "is_staff": false, "is_active": true, "date_joined": "2022-08-27T12:56:45.365Z", "email": "test8@mail.com", "phone_number": "05156045170", "whatsapp": "05430154093", "is_lawyer": true, "consultacy_free": true, "consultacy_price": 0, "license_date": "2022-08-27T12:56:45.365Z", "rate": 0.0, "city": null, "website": null, "avatar": "users/avatars/default.jpg", "bio": "", "groups": [], "user_permissions": [], "areas": ["ceza", "trafik-ve-kaza", "uluslaras-hukuk"], "favorites": []}}, {"model": "users.user", "pk": 11, "fields": {"password": "", "last_login": null, "is_superuser": false, "first_name": "Lillie", "last_name": "Fralick", "is_staff": false, "is_active": true, "date_joined": "2022-08-27T12:56:45.429Z", "email": "test9@mail.com", "phone_number": "05343645384", "whatsapp": "05648912109", "is_lawyer": true, "consultacy_free": true, "consultacy_price": 0, "license_date": "2022-08-27T12:56:45.429Z", "rate": 0.0, "city": null, "website": null, "avatar": "users/avatars/default.jpg", "bio": "", "groups": [], "user_permissions": [], "areas": ["ceza", "emlak-ve-emlakc", "sirket-ve-ticaret"], "favorites": []}}, {"model": "users.user", "pk": 12, "fields": {"password": "", "last_login": null, "is_superuser": false, "first_name": "Daniel", "last_name": "Snell", "is_staff": false, "is_active": true, "date_joined": "2022-08-27T12:56:45.478Z", "email": "test10@mail.com", "phone_number": "05017965957", "whatsapp": "05588294167", "is_lawyer": true, "consultacy_free": true, "consultacy_price": 0, "license_date": "2022-08-27T12:56:45.478Z", "rate": 0.0, "city": null, "website": null, "avatar": "users/avatars/default.jpg", "bio": "", "groups": [], "user_permissions": [], "areas": ["borc-alacak", "istisnaf", "uluslaras-hukuk"], "favorites": []}}, {"model": "users.user", "pk": 13, "fields": {"password": "", "last_login": null, "is_superuser": false, "first_name": "Ramon", "last_name": "Montgomery", "is_staff": false, "is_active": true, "date_joined": "2022-08-27T12:56:45.521Z", "email": "test11@mail.com", "phone_number": "05451485147", "whatsapp": "05090116071", "is_lawyer": true, "consultacy_free": true, "consultacy_price": 0, "license_date": "2022-08-27T12:56:45.521Z", "rate": 0.0, "city": null, "website": null, "avatar": "users/avatars/default.jpg", "bio": "", "groups": [], "user_permissions": [], "areas": ["sigorta", "tuketici", "vergi"], "favorites": []}}, {"model": "users.user", "pk": 14, "fields": {"password": "", "last_login": null, "is_superuser": false, "first_name": "Kimberly", "last_name": "Wainer", "is_staff": false, "is_active": true, "date_joined": "2022-08-27T12:56:45.584Z", "email": "test12@mail.com", "phone_number": "05664026764", "whatsapp": "05618747508", "is_lawyer": true, "consultacy_free": true, "consultacy_price": 0, "license_date": "2022-08-27T12:56:45.584Z", "rate": 0.0, "city": null, "website": null, "avatar": "users/avatars/default.jpg", "bio": "", "groups": [], "user_permissions": [], "areas": ["bosanma", "iflas", "trafik-ve-kaza"], "favorites": []}}, {"model": "users.user", "pk": 15, "fields": {"password": "", "last_login": null, "is_superuser": false, "first_name": "Ione", "last_name": "Butler", "is_staff": false, "is_active": true, "date_joined": "2022-08-27T12:56:45.647Z", "email": "test13@mail.com", "phone_number": "05871416727", "whatsapp": "05165567632", "is_lawyer": true, "consultacy_free": true, "consultacy_price": 0, "license_date": "2022-08-27T12:56:45.647Z", "rate": 0.0, "city": null, "website": null, "avatar": "users/avatars/default.jpg", "bio": "", "groups": [], "user_permissions": [], "areas": ["arabulucu", "emlak-ve-emlakc", "trafik-ve-kaza"], "favorites": []}}, {"model": "users.user", "pk": 16, "fields": {"password": "", "last_login": null, "is_superuser": false, "first_name": "Charles", "last_name": "Griswell", "is_staff": false, "is_active": true, "date_joined": "2022-08-27T12:56:45.709Z", "email": "test14@mail.com", "phone_number": "05116721684", "whatsapp": "05693623352", "is_lawyer": true, "consultacy_free": true, "consultacy_price": 0, "license_date": "2022-08-27T12:56:45.709Z", "rate": 0.0, "city": null, "website": null, "avatar": "users/avatars/default.jpg", "bio": "", "groups": [], "user_permissions": [], "areas": ["bilisim", "sirket-ve-ticaret", "trafik-ve-kaza"], "favorites": []}}, {"model": "users.user", "pk": 17, "fields": {"password": "", "last_login": null, "is_superuser": false, "first_name": "Charles", "last_name": "Pendergast", "is_staff": false, "is_active": true, "date_joined": "2022-08-27T12:56:45.772Z", "email": "test15@mail.com", "phone_number": "05522682625", "whatsapp": "05454714544", "is_lawyer": true, "consultacy_free": true, "consultacy_price": 0, "license_date": "2022-08-27T12:56:45.772Z", "rate": 0.0, "city": null, "website": null, "avatar": "users/avatars/default.jpg", "bio": "", "groups": [], "user_permissions": [], "areas": ["miras", "uzlastrc", "vergi"], "favorites": []}}, {"model": "users.user", "pk": 18, "fields": {"password": "", "last_login": null, "is_superuser": false, "first_name": "Victoria", "last_name": "Lancaster", "is_staff": false, "is_active": true, "date_joined": "2022-08-27T12:56:45.818Z", "email": "test16@mail.com", "phone_number": "05899363386", "whatsapp": "05639265408", "is_lawyer": true, "consultacy_free": true, "consultacy_price": 0, "license_date": "2022-08-27T12:56:45.818Z", "rate": 0.0, "city": null, "website": null, "avatar": "users/avatars/default.jpg", "bio": "", "groups": [], "user_permissions": [], "areas": ["istisnaf", "tazminat", "trafik-ve-kaza"], "favorites": []}}, {"model": "users.user", "pk": 19, "fields": {"password": "", "last_login": null, "is_superuser": false, "first_name": "Michelle", "last_name": "Carter", "is_staff": false, "is_active": true, "date_joined": "2022-08-27T12:56:45.865Z", "email": "test17@mail.com", "phone_number": "05888848064", "whatsapp": "05234639625", "is_lawyer": true, "consultacy_free": true, "consultacy_price": 0, "license_date": "2022-08-27T12:56:45.865Z", "rate": 0.0, "city": null, "website": null, "avatar": "users/avatars/default.jpg", "bio": "", "groups": [], "user_permissions": [], "areas": ["bosanma", "kamu-idari"], "favorites": []}}, {"model": "users.user", "pk": 20, "fields": {"password": "", "last_login": null, "is_superuser": false, "first_name": "Miguel", "last_name": "Swisher", "is_staff": false, "is_active": true, "date_joined": "2022-08-27T12:56:45.914Z", "email": "test18@mail.com", "phone_number": "05444851870", "whatsapp": "05727918251", "is_lawyer": true, "consultacy_free": true, "consultacy_price": 0, "license_date": "2022-08-27T12:56:45.914Z", "rate": 0.0, "city": null, "website": null, "avatar": "users/avatars/default.jpg", "bio": "", "groups": [], "user_permissions": [], "areas": ["borc-alacak", "bosanma", "tuketici"], "favorites": []}}, {"model": "users.user", "pk": 21, "fields": {"password": "", "last_login": null, "is_superuser": false, "first_name": "Theresa", "last_name": "Cline", "is_staff": false, "is_active": true, "date_joined": "2022-08-27T12:56:45.962Z", "email": "test19@mail.com", "phone_number": "05648511105", "whatsapp": "05594616733", "is_lawyer": true, "consultacy_free": true, "consultacy_price": 0, "license_date": "2022-08-27T12:56:45.962Z", "rate": 0.0, "city": null, "website": null, "avatar": "users/avatars/default.jpg", "bio": "", "groups": [], "user_permissions": [], "areas": ["bilisim", "borc-alacak", "patent-marka"], "favorites": []}}, {"model": "users.user", "pk": 22, "fields": {"password": "", "last_login": null, "is_superuser": false, "first_name": "Samantha", "last_name": "Wilkerson", "is_staff": false, "is_active": true, "date_joined": "2022-08-27T12:56:46.011Z", "email": "test20@mail.com", "phone_number": "05599653581", "whatsapp": "05732048474", "is_lawyer": true, "consultacy_free": true, "consultacy_price": 0, "license_date": "2022-08-27T12:56:46.011Z", "rate": 0.0, "city": null, "website": null, "avatar": "users/avatars/default.jpg", "bio": "", "groups": [], "user_permissions": [], "areas": ["iflas", "isci-isveren", "uluslaras-hukuk"], "favorites": []}}, {"model": "users.user", "pk": 23, "fields": {"password": "", "last_login": null, "is_superuser": false, "first_name": "Karen", "last_name": "Clinton", "is_staff": false, "is_active": true, "date_joined": "2022-08-27T12:56:46.058Z", "email": "test21@mail.com", "phone_number": "05221817795", "whatsapp": "05640221486", "is_lawyer": true, "consultacy_free": true, "consultacy_price": 0, "license_date": "2022-08-27T12:56:46.058Z", "rate": 0.0, "city": null, "website": null, "avatar": "users/avatars/default.jpg", "bio": "", "groups": [], "user_permissions": [], "areas": ["patent-marka", "tazminat", "vergi"], "favorites": []}}, {"model": "users.user", "pk": 24, "fields": {"password": "", "last_login": null, "is_superuser": false, "first_name": "Troy", "last_name": "Kujawa", "is_staff": false, "is_active": true, "date_joined": "2022-08-27T12:56:46.108Z", "email": "test22@mail.com", "phone_number": "05304255015", "whatsapp": "05955736364", "is_lawyer": true, "consultacy_free": true, "consultacy_price": 0, "license_date": "2022-08-27T12:56:46.108Z", "rate": 0.0, "city": null, "website": null, "avatar": "users/avatars/default.jpg", "bio": "", "groups": [], "user_permissions": [], "areas": ["kamu-idari", "uluslaras-hukuk", "uzlastrc"], "favorites": []}}, {"model": "users.user", "pk": 25, "fields": {"password": "", "last_login": null, "is_superuser": false, "first_name": "Danielle", "last_name": "Rogers", "is_staff": false, "is_active": true, "date_joined": "2022-08-27T12:56:46.169Z", "email": "test23@mail.com", "phone_number": "05575498703", "whatsapp": "05434566830", "is_lawyer": true, "consultacy_free": true, "consultacy_price": 0, "license_date": "2022-08-27T12:56:46.169Z", "rate": 0.0, "city": null, "website": null, "avatar": "users/avatars/default.jpg", "bio": "", "groups": [], "user_permissions": [], "areas": ["kamu-idari", "uluslaras-hukuk"], "favorites": []}}, {"model": "users.user", "pk": 26, "fields": {"password": "", "last_login": null, "is_superuser": false, "first_name": "Darrell", "last_name": "Bradford", "is_staff": false, "is_active": true, "date_joined": "2022-08-27T12:56:46.216Z", "email": "test24@mail.com", "phone_number": "05076667755", "whatsapp": "05105136855", "is_lawyer": true, "consultacy_free": true, "consultacy_price": 0, "license_date": "2022-08-27T12:56:46.216Z", "rate": 0.0, "city": null, "website": null, "avatar": "users/avatars/default.jpg", "bio": "", "groups": [], "user_permissions": [], "areas": ["istisnaf", "trafik-ve-kaza", "vergi"], "favorites": []}}, {"model": "users.user", "pk": 27, "fields": {"password": "", "last_login": null, "is_superuser": false, "first_name": "John", "last_name": "Buford", "is_staff": false, "is_active": true, "date_joined": "2022-08-27T12:56:46.263Z", "email": "test25@mail.com", "phone_number": "05608343944", "whatsapp": "05602549647", "is_lawyer": true, "consultacy_free": true, "consultacy_price": 0, "license_date": "2022-08-27T12:56:46.263Z", "rate": 0.0, "city": null, "website": null, "avatar": "users/avatars/default.jpg", "bio": "", "groups": [], "user_permissions": [], "areas": ["bilisim", "iflas", "istisnaf"], "favorites": []}}, {"model": "users.user", "pk": 28, "fields": {"password": "", "last_login": null, "is_superuser": false, "first_name": "Linda", "last_name": "Springer", "is_staff": false, "is_active": true, "date_joined": "2022-08-27T12:56:46.326Z", "email": "test26@mail.com", "phone_number": "05809717765", "whatsapp": "05465796387", "is_lawyer": true, "consultacy_free": true, "consultacy_price": 0, "license_date": "2022-08-27T12:56:46.326Z", "rate": 0.0, "city": null, "website": null, "avatar": "users/avatars/default.jpg", "bio": "", "groups": [], "user_permissions": [], "areas": ["istisnaf", "temyiz", "vergi"], "favorites": []}}, {"model": "users.user", "pk": 29, "fields": {"password": "", "last_login": null, "is_superuser": false, "first_name": "Caroline", "last_name": "Horne", "is_staff": false, "is_active": true, "date_joined": "2022-08-27T12:56:46.372Z", "email": "test27@mail.com", "phone_number": "05187245973", "whatsapp": "05765570081", "is_lawyer": true, "consultacy_free": true, "consultacy_price": 0, "license_date": "2022-08-27T12:56:46.372Z", "rate": 0.0, "city": null, "website": null, "avatar": "users/avatars/default.jpg", "bio": "", "groups": [], "user_permissions": [], "areas": ["iflas", "trafik-ve-kaza"], "favorites": []}}, {"model": "users.user", "pk": 30, "fields": {"password": "", "last_login": null, "is_superuser": false, "first_name": "Felix", "last_name": "Slager", "is_staff": false, "is_active": true, "date_joined": "2022-08-27T12:56:46.432Z", "email": "test28@mail.com", "phone_number": "05524390347", "whatsapp": "05445845607", "is_lawyer": true, "consultacy_free": true, "consultacy_price": 0, "license_date": "2022-08-27T12:56:46.432Z", "rate": 0.0, "city": null, "website": null, "avatar": "users/avatars/default.jpg", "bio": "", "groups": [], "user_permissions": [], "areas": ["bosanma", "ceza", "sirket-ve-ticaret"], "favorites": []}}, {"model": "users.user", "pk": 31, "fields": {"password": "", "last_login": null, "is_superuser": false, "first_name": "Annie", "last_name": "Pitts", "is_staff": false, "is_active": true, "date_joined": "2022-08-27T12:56:46.479Z", "email": "test29@mail.com", "phone_number": "05610982074", "whatsapp": "05141844130", "is_lawyer": true, "consultacy_free": true, "consultacy_price": 0, "license_date": "2022-08-27T12:56:46.479Z", "rate": 0.0, "city": null, "website": null, "avatar": "users/avatars/default.jpg", "bio": "", "groups": [], "user_permissions": [], "areas": ["bilisim", "sigorta", "tazminat"], "favorites": []}}, {"model": "users.user", "pk": 32, "fields": {"password": "", "last_login": null, "is_superuser": false, "first_name": "Eleanor", "last_name": "Blake", "is_staff": false, "is_active": true, "date_joined": "2022-08-27T12:56:46.527Z", "email": "test30@mail.com", "phone_number": "05835792494", "whatsapp": "05289564650", "is_lawyer": true, "consultacy_free": true, "consultacy_price": 0, "license_date": "2022-08-27T12:56:46.527Z", "rate": 0.0, "city": null, "website": null, "avatar": "users/avatars/default.jpg", "bio": "", "groups": [], "user_permissions": [], "areas": ["arabulucu", "tuketici", "vergi"], "favorites": []}}, {"model": "users.user", "pk": 33, "fields": {"password": "", "last_login": null, "is_superuser": false, "first_name": "Robert", "last_name": "Bridge", "is_staff": false, "is_active": true, "date_joined": "2022-08-27T12:56:46.576Z", "email": "test31@mail.com", "phone_number": "05815247270", "whatsapp": "05158898406", "is_lawyer": true, "consultacy_free": true, "consultacy_price": 0, "license_date": "2022-08-27T12:56:46.576Z", "rate": 0.0, "city": null, "website": null, "avatar": "users/avatars/default.jpg", "bio": "", "groups": [], "user_permissions": [], "areas": ["doktor-ve-hekim", "uluslaras-hukuk", "uzlastrc"], "favorites": []}}, {"model": "users.user", "pk": 34, "fields": {"password": "", "last_login": null, "is_superuser": false, "first_name": "Dennis", "last_name": "Miller", "is_staff": false, "is_active": true, "date_joined": "2022-08-27T12:56:46.622Z", "email": "test32@mail.com", "phone_number": "05670911958", "whatsapp": "05027264975", "is_lawyer": true, "consultacy_free": true, "consultacy_price": 0, "license_date": "2022-08-27T12:56:46.622Z", "rate": 0.0, "city": null, "website": null, "avatar": "users/avatars/default.jpg", "bio": "", "groups": [], "user_permissions": [], "areas": ["bilisim", "isci-isveren", "istisnaf"], "favorites": []}}, {"model": "users.user", "pk": 35, "fields": {"password": "", "last_login": null, "is_superuser": false, "first_name": "Jeremy", "last_name": "Martinez", "is_staff": false, "is_active": true, "date_joined": "2022-08-27T12:56:46.671Z", "email": "test33@mail.com", "phone_number": "05250915382", "whatsapp": "05730073808", "is_lawyer": true, "consultacy_free": true, "consultacy_price": 0, "license_date": "2022-08-27T12:56:46.671Z", "rate": 0.0, "city": null, "website": null, "avatar": "users/avatars/default.jpg", "bio": "", "groups": [], "user_permissions": [], "areas": ["bilisim", "borc-alacak", "iflas"], "favorites": []}}, {"model": "users.user", "pk": 36, "fields": {"password": "", "last_login": null, "is_superuser": false, "first_name": "Andreas", "last_name": "Graddy", "is_staff": false, "is_active": true, "date_joined": "2022-08-27T12:56:46.735Z", "email": "test34@mail.com", "phone_number": "05784916653", "whatsapp": "05141714234", "is_lawyer": true, "consultacy_free": true, "consultacy_price": 0, "license_date": "2022-08-27T12:56:46.735Z", "rate": 0.0, "city": null, "website": null, "avatar": "users/avatars/default.jpg", "bio": "", "groups": [], "user_permissions": [], "areas": ["icra-takip", "istisnaf", "temyiz"], "favorites": []}}, {"model": "users.user", "pk": 37, "fields": {"password": "", "last_login": null, "is_superuser": false, "first_name": "Brenda", "last_name": "Daniels", "is_staff": false, "is_active": true, "date_joined": "2022-08-27T12:56:46.782Z", "email": "test35@mail.com", "phone_number": "05114323433", "whatsapp": "05684346646", "is_lawyer": true, "consultacy_free": true, "consultacy_price": 0, "license_date": "2022-08-27T12:56:46.782Z", "rate": 0.0, "city": null, "website": null, "avatar": "users/avatars/default.jpg", "bio": "", "groups": [], "user_permissions": [], "areas": ["doktor-ve-hekim", "temyiz", "vergi"], "favorites": []}}, {"model": "users.user", "pk": 38, "fields": {"password": "", "last_login": null, "is_superuser": false, "first_name": "Joseph", "last_name": "Neal", "is_staff": false, "is_active": true, "date_joined": "2022-08-27T12:56:46.830Z", "email": "test36@mail.com", "phone_number": "05257200928", "whatsapp": "05622549186", "is_lawyer": true, "consultacy_free": true, "consultacy_price": 0, "license_date": "2022-08-27T12:56:46.830Z", "rate": 0.0, "city": null, "website": null, "avatar": "users/avatars/default.jpg", "bio": "", "groups": [], "user_permissions": [], "areas": ["borc-alacak", "kamu-idari", "tuketici"], "favorites": []}}, {"model": "users.user", "pk": 39, "fields": {"password": "", "last_login": null, "is_superuser": false, "first_name": "Peter", "last_name": "Dighton", "is_staff": false, "is_active": true, "date_joined": "2022-08-27T12:56:46.892Z", "email": "test37@mail.com", "phone_number": "05944963543", "whatsapp": "05454708586", "is_lawyer": true, "consultacy_free": true, "consultacy_price": 0, "license_date": "2022-08-27T12:56:46.892Z", "rate": 0.0, "city": null, "website": null, "avatar": "users/avatars/default.jpg", "bio": "", "groups": [], "user_permissions": [], "areas": ["bilisim", "doktor-ve-hekim", "iflas"], "favorites": []}}, {"model": "users.user", "pk": 40, "fields": {"password": "", "last_login": null, "is_superuser": false, "first_name": "Tressa", "last_name": "Vilain", "is_staff": false, "is_active": true, "date_joined": "2022-08-27T12:56:46.955Z", "email": "test38@mail.com", "phone_number": "05446123600", "whatsapp": "05218850694", "is_lawyer": true, "consultacy_free": true, "consultacy_price": 0, "license_date": "2022-08-27T12:56:46.955Z", "rate": 0.0, "city": null, "website": null, "avatar": "users/avatars/default.jpg", "bio": "", "groups": [], "user_permissions": [], "areas": ["iflas", "sirket-ve-ticaret", "trafik-ve-kaza"], "favorites": []}}, {"model": "users.user", "pk": 41, "fields": {"password": "", "last_login": null, "is_superuser": false, "first_name": "Sheila", "last_name": "Moore", "is_staff": false, "is_active": true, "date_joined": "2022-08-27T12:56:47.003Z", "email": "test39@mail.com", "phone_number": "05410618968", "whatsapp": "05908452571", "is_lawyer": true, "consultacy_free": true, "consultacy_price": 0, "license_date": "2022-08-27T12:56:47.003Z", "rate": 0.0, "city": null, "website": null, "avatar": "users/avatars/default.jpg", "bio": "", "groups": [], "user_permissions": [], "areas": ["arabulucu", "miras", "vergi"], "favorites": []}}, {"model": "users.user", "pk": 42, "fields": {"password": "", "last_login": null, "is_superuser": false, "first_name": "Patricia", "last_name": "Schlenz", "is_staff": false, "is_active": true, "date_joined": "2022-08-27T12:56:47.071Z", "email": "test40@mail.com", "phone_number": "05235117166", "whatsapp": "05048375016", "is_lawyer": true, "consultacy_free": true, "consultacy_price": 0, "license_date": "2022-08-27T12:56:47.071Z", "rate": 0.0, "city": null, "website": null, "avatar": "users/avatars/default.jpg", "bio": "", "groups": [], "user_permissions": [], "areas": ["miras", "sigorta", "vergi"], "favorites": []}}, {"model": "users.user", "pk": 43, "fields": {"password": "", "last_login": null, "is_superuser": false, "first_name": "Deborah", "last_name": "Simpson", "is_staff": false, "is_active": true, "date_joined": "2022-08-27T12:56:47.123Z", "email": "test41@mail.com", "phone_number": "05824911556", "whatsapp": "05635797612", "is_lawyer": true, "consultacy_free": true, "consultacy_price": 0, "license_date": "2022-08-27T12:56:47.123Z", "rate": 0.0, "city": null, "website": null, "avatar": "users/avatars/default.jpg", "bio": "", "groups": [], "user_permissions": [], "areas": ["arabulucu", "tazminat", "uzlastrc"], "favorites": []}}, {"model": "users.user", "pk": 44, "fields": {"password": "", "last_login": null, "is_superuser": false, "first_name": "Joseph", "last_name": "Paris", "is_staff": false, "is_active": true, "date_joined": "2022-08-27T12:56:47.170Z", "email": "test42@mail.com", "phone_number": "05534294067", "whatsapp": "05164014714", "is_lawyer": true, "consultacy_free": true, "consultacy_price": 0, "license_date": "2022-08-27T12:56:47.170Z", "rate": 0.0, "city": null, "website": null, "avatar": "users/avatars/default.jpg", "bio": "", "groups": [], "user_permissions": [], "areas": ["bosanma", "iflas", "sirket-ve-ticaret"], "favorites": []}}, {"model": "users.user", "pk": 45, "fields": {"password": "", "last_login": null, "is_superuser": false, "first_name": "Angela", "last_name": "Michaud", "is_staff": false, "is_active": true, "date_joined": "2022-08-27T12:56:47.217Z", "email": "test43@mail.com", "phone_number": "05488690563", "whatsapp": "05773879882", "is_lawyer": true, "consultacy_free": true, "consultacy_price": 0, "license_date": "2022-08-27T12:56:47.217Z", "rate": 0.0, "city": null, "website": null, "avatar": "users/avatars/default.jpg", "bio": "", "groups": [], "user_permissions": [], "areas": ["sigorta", "temyiz"], "favorites": []}}, {"model": "users.user", "pk": 46, "fields": {"password": "", "last_login": null, "is_superuser": false, "first_name": "Patricia", "last_name": "Martinez", "is_staff": false, "is_active": true, "date_joined": "2022-08-27T12:56:47.281Z", "email": "test44@mail.com", "phone_number": "05917066303", "whatsapp": "05657221143", "is_lawyer": true, "consultacy_free": true, "consultacy_price": 0, "license_date": "2022-08-27T12:56:47.281Z", "rate": 0.0, "city": null, "website": null, "avatar": "users/avatars/default.jpg", "bio": "", "groups": [], "user_permissions": [], "areas": ["ceza", "icra-takip", "temyiz"], "favorites": []}}, {"model": "users.user", "pk": 47, "fields": {"password": "", "last_login": null, "is_superuser": false, "first_name": "Robert", "last_name": "Patrylak", "is_staff": false, "is_active": true, "date_joined": "2022-08-27T12:56:47.343Z", "email": "test45@mail.com", "phone_number": "05290887150", "whatsapp": "05696710469", "is_lawyer": true, "consultacy_free": true, "consultacy_price": 0, "license_date": "2022-08-27T12:56:47.343Z", "rate": 0.0, "city": null, "website": null, "avatar": "users/avatars/default.jpg", "bio": "", "groups": [], "user_permissions": [], "areas": ["bosanma", "doktor-ve-hekim", "icra-takip"], "favorites": []}}, {"model": "users.user", "pk": 48, "fields": {"password": "", "last_login": null, "is_superuser": false, "first_name": "Angela", "last_name": "Wells", "is_staff": false, "is_active": true, "date_joined": "2022-08-27T12:56:47.406Z", "email": "test46@mail.com", "phone_number": "05805004831", "whatsapp": "05804558121", "is_lawyer": true, "consultacy_free": true, "consultacy_price": 0, "license_date": "2022-08-27T12:56:47.406Z", "rate": 0.0, "city": null, "website": null, "avatar": "users/avatars/default.jpg", "bio": "", "groups": [], "user_permissions": [], "areas": ["borc-alacak", "icra-takip", "istisnaf"], "favorites": []}}, {"model": "users.user", "pk": 49, "fields": {"password": "", "last_login": null, "is_superuser": false, "first_name": "Brian", "last_name": "Barnes", "is_staff": false, "is_active": true, "date_joined": "2022-08-27T12:56:47.456Z", "email": "test47@mail.com", "phone_number": "05392789960", "whatsapp": "05282355594", "is_lawyer": true, "consultacy_free": true, "consultacy_price": 0, "license_date": "2022-08-27T12:56:47.456Z", "rate": 0.0, "city": null, "website": null, "avatar": "users/avatars/default.jpg", "bio": "", "groups": [], "user_permissions": [], "areas": ["doktor-ve-hekim", "iflas", "miras"], "favorites": []}}, {"model": "users.user", "pk": 50, "fields": {"password": "", "last_login": null, "is_superuser": false, "first_name": "Paul", "last_name": "Taylor", "is_staff": false, "is_active": true, "date_joined": "2022-08-27T12:56:47.495Z", "email": "test48@mail.com", "phone_number": "05398193995", "whatsapp": "05733581173", "is_lawyer": true, "consultacy_free": true, "consultacy_price": 0, "license_date": "2022-08-27T12:56:47.495Z", "rate": 0.0, "city": null, "website": null, "avatar": "users/avatars/default.jpg", "bio": "", "groups": [], "user_permissions": [], "areas": ["isci-isveren", "sigorta", "trafik-ve-kaza"], "favorites": []}}, {"model": "users.user", "pk": 51, "fields": {"password": "", "last_login": null, "is_superuser": false, "first_name": "Lucille", "last_name": "Ayuso", "is_staff": false, "is_active": true, "date_joined": "2022-08-27T12:56:47.559Z", "email": "test49@mail.com", "phone_number": "05799005811", "whatsapp": "05248404219", "is_lawyer": true, "consultacy_free": true, "consultacy_price": 0, "license_date": "2022-08-27T12:56:47.558Z", "rate": 0.0, "city": null, "website": null, "avatar": "users/avatars/default.jpg", "bio": "", "groups": [], "user_permissions": [], "areas": ["bilisim", "miras"], "favorites": []}}, {"model": "users.user", "pk": 52, "fields": {"password": "", "last_login": null, "is_superuser": false, "first_name": "Christine", "last_name": "Davis", "is_staff": false, "is_active": true, "date_joined": "2022-08-27T12:56:47.600Z", "email": "test50@mail.com", "phone_number": "05231723759", "whatsapp": "05920238684", "is_lawyer": true, "consultacy_free": true, "consultacy_price": 0, "license_date": "2022-08-27T12:56:47.600Z", "rate": 0.0, "city": null, "website": null, "avatar": "users/avatars/default.jpg", "bio": "", "groups": [], "user_permissions": [], "areas": ["bosanma", "kamu-idari", "tazminat"], "favorites": []}}, {"model": "users.user", "pk": 53, "fields": {"password": "pbkdf2_sha256$320000$uTI8CYXzqYGW1XbEbjOCIN$fLH4qGwCm/2r6D4xO8TKfrAngfy+pXHEHxzty076Cs4=", "last_login": null, "is_superuser": false, "first_name": "Ilkhan", "last_name": "", "is_staff": false, "is_active": true, "date_joined": "2022-08-31T11:48:25.393Z", "email": "ilhanchanel20002@gmail.com", "phone_number": "", "whatsapp": "", "is_lawyer": false, "consultacy_free": false, "consultacy_price": 0, "license_date": null, "rate": 0.0, "city": null, "website": null, "avatar": "users/avatars/default.jpg", "bio": "", "groups": [], "user_permissions": [], "areas": [], "favorites": []}}, {"model": "users.user", "pk": 54, "fields": {"password": "pbkdf2_sha256$320000$CdUs8ZtREUnvKrcDjMQzxn$R/E03JeCm9CkSSYJDkR4xd4AaoaviIAIZ559HYr0wrM=", "last_login": "2022-09-19T03:58:48.761Z", "is_superuser": true, "first_name": "Mark", "last_name": "Taison", "is_staff": true, "is_active": true, "date_joined": "2022-09-17T11:55:14.981Z", "email": "a@mail.com", "phone_number": "", "whatsapp": "", "is_lawyer": false, "consultacy_free": false, "consultacy_price": 0, "license_date": null, "rate": 0.0, "city": null, "website": null, "avatar": "users/avatars/default.jpg", "bio": "", "groups": [], "user_permissions": [], "areas": [], "favorites": []}}, {"model": "users.user", "pk": 55, "fields": {"password": "pbkdf2_sha256$320000$MdR3THh8q0JD0XpmXWaJIO$DV5YJowLTyjgZ+hbTB2yifJDLuLlO8Sju3CuOZRi3hw=", "last_login": "2022-09-19T03:59:08.390Z", "is_superuser": true, "first_name": "Ragnar", "last_name": "Lodbroke", "is_staff": true, "is_active": true, "date_joined": "2022-09-19T03:54:54Z", "email": "a2@mail.com", "phone_number": "", "whatsapp": "", "is_lawyer": true, "consultacy_free": false, "consultacy_price": 0, "license_date": null, "rate": 0.0, "city": null, "website": null, "avatar": "users/avatars/default.jpg", "bio": "", "groups": [], "user_permissions": [], "areas": ["borc-alacak", "ceza"], "favorites": []}}, {"model": "posts.post", "pk": 1, "fields": {"title": "Peter Clair", "slug": "peter-clair", "content": "Minima officiis itaque corporis aliquam? Recusandae alias in modi dolore non fugit? Sequi nisi fugit vitae id nesciunt neque molestiae, eius vitae veniam praesentium vel. Labore nam porro eligendi cumque ad itaque sequi, nulla pariatur ea laboriosam at dicta officia porro in deleniti temporibus?", "published": true, "image": "posts/images/default.jpg", "creation_date": "2022-08-27T12:56:47.647Z", "tags": ["doktor-ve-hekim", "iflas", "uzlastrc"]}}, {"model": "posts.post", "pk": 2, "fields": {"title": "Judith Akkerman", "slug": "judith-akkerman", "content": "Quisquam quasi nemo tempore magni itaque nulla accusamus? Officia quod voluptatem facere at explicabo debitis illo corporis repudiandae, possimus deleniti nulla suscipit minus, dignissimos nulla sed recusandae, quasi deleniti eaque dignissimos tenetur sunt quas blanditiis quia culpa incidunt, eligendi quas labore quae vel natus officia exercitationem officiis.", "published": true, "image": "posts/images/default.jpg", "creation_date": "2022-08-27T12:56:47.725Z", "tags": ["bilisim", "ceza", "icra-takip"]}}, {"model": "posts.post", "pk": 3, "fields": {"title": "Richard Alderson", "slug": "richard-alderson", "content": "Impedit aut totam ratione consectetur dolor molestiae, quisquam ipsam veritatis animi veniam quas sunt doloremque impedit debitis quam, nam vitae eum repellat aut? Soluta porro vero harum, tempora magnam suscipit reiciendis eos iste id officia, adipisci delectus temporibus nesciunt ipsum quidem repudiandae quasi error provident autem aut, eaque tempore libero dolorem ipsum impedit fugiat, aperiam laudantium impedit fugiat ipsam.", "published": true, "image": "posts/images/default.jpg", "creation_date": "2022-08-27T12:56:47.771Z", "tags": ["icra-takip", "kamu-idari", "uluslaras-hukuk"]}}, {"model": "posts.post", "pk": 4, "fields": {"title": "Ruth Simpson", "slug": "ruth-simpson", "content": "Commodi eius sequi facere ducimus provident tempora distinctio numquam maiores quasi. Natus hic sapiente ad fugit in ut suscipit asperiores tempore minima eum, inventore quisquam pariatur consectetur blanditiis quae sunt doloremque unde quos temporibus et.", "published": true, "image": "posts/images/default.jpg", "creation_date": "2022-08-27T12:56:47.819Z", "tags": ["iflas", "sigorta", "temyiz"]}}, {"model": "posts.post", "pk": 5, "fields": {"title": "Kandy Roszel", "slug": "kandy-roszel", "content": "Dolorem consequatur earum officiis quasi, totam necessitatibus libero quos? Distinctio labore dignissimos deleniti facere officia, vel id magni dicta obcaecati reprehenderit inventore, aliquid amet odit ullam autem deleniti, dolorum dolorem animi ipsam mollitia quibusdam quasi illum totam, placeat dolor nesciunt. Ducimus labore ratione tempora illum pariatur aperiam voluptate eos saepe, perspiciatis nisi omnis, quo impedit dolore, animi nemo debitis excepturi dolorem fugit veritatis ab nobis aliquid soluta provident, deserunt aut iste laudantium sit sequi expedita error repudiandae cupiditate.", "published": true, "image": "posts/images/default.jpg", "creation_date": "2022-08-27T12:56:47.884Z", "tags": ["patent-marka", "sirket-ve-ticaret", "temyiz"]}}, {"model": "posts.post", "pk": 6, "fields": {"title": "Charlie Santi", "slug": "charlie-santi", "content": "Eaque repellendus debitis illo id laudantium veritatis, dolore alias quidem, molestias eveniet tenetur id eum ratione delectus architecto nam vero. Amet eum dolorum placeat voluptatibus magni enim quis, dignissimos ipsa quia magni odit natus sint eum dolor architecto, ea soluta aut corporis iste hic vitae ducimus sit numquam. Qui reprehenderit nemo, facilis debitis ea fugiat molestias voluptates tempora, voluptatum dolor asperiores provident sunt molestias similique sit ad sint quod voluptatibus?", "published": true, "image": "posts/images/default.jpg", "creation_date": "2022-08-27T12:56:47.946Z", "tags": ["bosanma", "emlak-ve-emlakc", "istisnaf"]}}, {"model": "posts.post", "pk": 7, "fields": {"title": "Rebecca Kunkle", "slug": "rebecca-kunkle", "content": "Delectus unde quae perferendis temporibus nostrum obcaecati odio provident? Eligendi quo suscipit, quidem fugit repellendus asperiores error sunt fugiat id, dolorem reiciendis laudantium quibusdam optio, recusandae iure eius qui hic vel explicabo. Exercitationem neque ipsum eum provident labore quaerat porro, soluta possimus ab sint, fuga culpa sapiente veritatis? Magni facilis sunt aliquid non ipsum?", "published": true, "image": "posts/images/default.jpg", "creation_date": "2022-08-27T12:56:48.009Z", "tags": ["borc-alacak", "miras", "vergi"]}}, {"model": "posts.post", "pk": 8, "fields": {"title": "Gary Blakey", "slug": "gary-blakey", "content": "Delectus odio deserunt, modi harum maiores, architecto nemo delectus voluptatibus ut quae nobis consequuntur minus esse saepe, quos quod nihil, atque temporibus error placeat minima voluptatum ea odit dolor quisquam cupiditate dolore? Illo officiis illum cumque optio ipsum alias ipsa porro commodi eius quod, eaque nemo dolorem perspiciatis, a quod consequatur fuga, explicabo molestiae neque dolores rerum alias atque fugiat, repellendus minus repudiandae nulla doloribus ea modi quidem ipsa?", "published": true, "image": "posts/images/default.jpg", "creation_date": "2022-08-27T12:56:48.057Z", "tags": ["miras", "sirket-ve-ticaret", "vergi"]}}, {"model": "posts.post", "pk": 9, "fields": {"title": "Dolores Robinson", "slug": "dolores-robinson", "content": "Unde eius exercitationem sapiente tempora repellat aspernatur voluptate doloremque nam, illo maxime possimus delectus natus explicabo labore inventore dolorum optio sapiente, quisquam quod ut architecto sint iure consectetur, unde cumque pariatur libero veritatis sit totam, impedit voluptates praesentium recusandae asperiores magnam corrupti obcaecati optio. Dolor error eum consequatur nisi vitae architecto assumenda harum, itaque consectetur cumque dicta iure quibusdam ipsam harum blanditiis atque nobis, quod vitae non quam placeat quaerat quidem animi perferendis distinctio omnis aliquid, quasi optio quam. Voluptas dicta nisi rerum quam deserunt cupiditate.", "published": true, "image": "posts/images/default.jpg", "creation_date": "2022-08-27T12:56:48.111Z", "tags": ["bosanma", "emlak-ve-emlakc", "patent-marka"]}}, {"model": "posts.post", "pk": 10, "fields": {"title": "Mary Patterson", "slug": "mary-patterson", "content": "Nostrum ad numquam soluta ut voluptatum exercitationem quibusdam dolorem ipsam, recusandae amet iste rem suscipit blanditiis dolor odit, ipsam magnam reiciendis, obcaecati necessitatibus voluptatibus illum delectus, nostrum veritatis voluptatum eum excepturi tempora. Numquam alias quos deleniti consequuntur, voluptatem autem voluptate excepturi sequi officia? Ad aspernatur ut eos porro voluptas.", "published": true, "image": "posts/images/default.jpg", "creation_date": "2022-08-27T12:56:48.159Z", "tags": ["bilisim", "ceza", "istisnaf"]}}, {"model": "posts.post", "pk": 11, "fields": {"title": "David Huizenga", "slug": "david-huizenga", "content": "Voluptatum fugiat cumque at porro maxime aspernatur incidunt praesentium perferendis nesciunt cum, repudiandae ab suscipit eum incidunt fuga sed id, facilis suscipit veritatis architecto vitae harum temporibus magnam quasi, asperiores distinctio non nisi laudantium natus quis velit nihil mollitia.", "published": true, "image": "posts/images/default.jpg", "creation_date": "2022-08-27T12:56:48.206Z", "tags": ["icra-takip", "temyiz", "vergi"]}}, {"model": "messenger.chat", "pk": 7, "fields": {"participants": [1, 54]}}, {"model": "messenger.chat", "pk": 8, "fields": {"participants": []}}, {"model": "messenger.chat", "pk": 9, "fields": {"participants": [1, 3]}}, {"model": "messenger.chat", "pk": 10, "fields": {"participants": [1, 55]}}, {"model": "messenger.message", "pk": 1, "fields": {"sender": 54, "chat": 7, "text": "dfas", "sent_datetime": "2022-09-17T12:06:19.770Z", "seen": true}}, {"model": "messenger.message", "pk": 2, "fields": {"sender": 54, "chat": 7, "text": "fda", "sent_datetime": "2022-09-17T12:07:26.080Z", "seen": true}}, {"model": "messenger.message", "pk": 3, "fields": {"sender": 54, "chat": 7, "text": "dfa", "sent_datetime": "2022-09-17T12:07:55.909Z", "seen": true}}, {"model": "messenger.message", "pk": 4, "fields": {"sender": 54, "chat": 7, "text": "fda", "sent_datetime": "2022-09-17T12:08:26.026Z", "seen": true}}, {"model": "messenger.message", "pk": 5, "fields": {"sender": 54, "chat": 7, "text": "ads", "sent_datetime": "2022-09-17T12:09:21.919Z", "seen": true}}, {"model": "messenger.message", "pk": 6, "fields": {"sender": 54, "chat": 7, "text": "a", "sent_datetime": "2022-09-17T12:10:15.771Z", "seen": true}}, {"model": "messenger.message", "pk": 7, "fields": {"sender": 54, "chat": 7, "text": "a", "sent_datetime": "2022-09-17T12:12:20.397Z", "seen": true}}, {"model": "messenger.message", "pk": 8, "fields": {"sender": 54, "chat": 7, "text": "a", "sent_datetime": "2022-09-17T12:12:36.403Z", "seen": true}}, {"model": "messenger.message", "pk": 9, "fields": {"sender": 1, "chat": 7, "text": "hello there", "sent_datetime": "2022-09-17T12:12:43.280Z", "seen": true}}, {"model": "messenger.message", "pk": 10, "fields": {"sender": 54, "chat": 7, "text": "hello", "sent_datetime": "2022-09-17T12:14:49.951Z", "seen": true}}, {"model": "messenger.message", "pk": 11, "fields": {"sender": 54, "chat": 7, "text": "hwllo", "sent_datetime": "2022-09-17T12:15:02.858Z", "seen": true}}, {"model": "messenger.message", "pk": 12, "fields": {"sender": 1, "chat": 7, "text": "a", "sent_datetime": "2022-09-17T12:15:54.927Z", "seen": true}}, {"model": "messenger.message", "pk": 13, "fields": {"sender": 1, "chat": 7, "text": "a", "sent_datetime": "2022-09-17T12:16:58.756Z", "seen": true}}, {"model": "messenger.message", "pk": 14, "fields": {"sender": 54, "chat": 7, "text": "a", "sent_datetime": "2022-09-17T12:17:07.271Z", "seen": true}}, {"model": "messenger.message", "pk": 15, "fields": {"sender": 54, "chat": 7, "text": "a", "sent_datetime": "2022-09-17T12:17:12.227Z", "seen": true}}, {"model": "messenger.message", "pk": 16, "fields": {"sender": 54, "chat": 7, "text": "s", "sent_datetime": "2022-09-17T12:17:59.030Z", "seen": true}}, {"model": "messenger.message", "pk": 17, "fields": {"sender": 54, "chat": 7, "text": "gekki]", "sent_datetime": "2022-09-17T12:18:07.286Z", "seen": true}}, {"model": "messenger.message", "pk": 18, "fields": {"sender": 54, "chat": 7, "text": "a", "sent_datetime": "2022-09-17T12:32:27.301Z", "seen": true}}, {"model": "messenger.message", "pk": 19, "fields": {"sender": 54, "chat": 7, "text": "a", "sent_datetime": "2022-09-17T12:32:36.086Z", "seen": true}}, {"model": "messenger.message", "pk": 20, "fields": {"sender": 1, "chat": 7, "text": "a", "sent_datetime": "2022-09-17T12:33:35.064Z", "seen": true}}, {"model": "messenger.message", "pk": 21, "fields": {"sender": 54, "chat": 7, "text": "a", "sent_datetime": "2022-09-17T12:33:41.846Z", "seen": true}}, {"model": "messenger.message", "pk": 22, "fields": {"sender": 1, "chat": 7, "text": "a", "sent_datetime": "2022-09-17T12:36:04.638Z", "seen": true}}, {"model": "messenger.message", "pk": 23, "fields": {"sender": 1, "chat": 7, "text": "a", "sent_datetime": "2022-09-17T12:37:03.951Z", "seen": true}}, {"model": "messenger.message", "pk": 24, "fields": {"sender": 1, "chat": 7, "text": "a", "sent_datetime": "2022-09-17T12:38:06.640Z", "seen": true}}, {"model": "messenger.message", "pk": 25, "fields": {"sender": 1, "chat": 7, "text": "a", "sent_datetime": "2022-09-17T12:38:54.908Z", "seen": true}}, {"model": "messenger.message", "pk": 26, "fields": {"sender": 1, "chat": 7, "text": "a", "sent_datetime": "2022-09-17T12:39:07.883Z", "seen": true}}, {"model": "messenger.message", "pk": 27, "fields": {"sender": 1, "chat": 7, "text": "a", "sent_datetime": "2022-09-17T12:40:05.342Z", "seen": true}}, {"model": "messenger.message", "pk": 28, "fields": {"sender": 1, "chat": 7, "text": "a", "sent_datetime": "2022-09-17T12:40:42.326Z", "seen": true}}, {"model": "messenger.message", "pk": 29, "fields": {"sender": 1, "chat": 7, "text": "a", "sent_datetime": "2022-09-17T12:40:56.759Z", "seen": true}}, {"model": "messenger.message", "pk": 30, "fields": {"sender": 1, "chat": 7, "text": "a", "sent_datetime": "2022-09-17T12:42:16.312Z", "seen": true}}, {"model": "messenger.message", "pk": 31, "fields": {"sender": 1, "chat": 7, "text": "                        Lorem ipsum dolor sit amet consectetur adipisicing elit. Vitae repudiandae iste architecto provident est alias recusandae corrupti a nesciunt soluta cum quam, corporis et, nisi enim cupiditate. Esse, deserunt architecto!", "sent_datetime": "2022-09-17T16:07:24.247Z", "seen": true}}, {"model": "messenger.message", "pk": 32, "fields": {"sender": 1, "chat": 7, "text": "                        Lorem ipsum dolor sit amet consectetur adipisicing elit. Vitae repudiandae iste architecto provident est alias recusandae corrupti a nesciunt soluta cum quam, corporis et, nisi enim cupiditate. Esse, deserunt architecto!", "sent_datetime": "2022-09-17T16:07:33.491Z", "seen": true}}, {"model": "messenger.message", "pk": 33, "fields": {"sender": 54, "chat": 7, "text": "a", "sent_datetime": "2022-09-17T16:11:35.412Z", "seen": true}}, {"model": "messenger.message", "pk": 34, "fields": {"sender": 54, "chat": 7, "text": "                        Lorem ipsum dolor sit amet consectetur adipisicing elit. Vitae repudiandae iste architecto provident est alias recusandae corrupti a nesciunt soluta cum quam, corporis et, nisi enim cupiditate. Esse, deserunt architecto!", "sent_datetime": "2022-09-17T16:14:31.175Z", "seen": true}}, {"model": "messenger.message", "pk": 35, "fields": {"sender": 54, "chat": 7, "text": "how are you?", "sent_datetime": "2022-09-17T18:15:33.487Z", "seen": true}}, {"model": "messenger.message", "pk": 36, "fields": {"sender": 54, "chat": 7, "text": "how are you", "sent_datetime": "2022-09-17T18:16:02.591Z", "seen": true}}, {"model": "messenger.message", "pk": 37, "fields": {"sender": 54, "chat": 7, "text": "a", "sent_datetime": "2022-09-17T18:17:41.820Z", "seen": true}}, {"model": "messenger.message", "pk": 38, "fields": {"sender": 54, "chat": 7, "text": "test message", "sent_datetime": "2022-09-17T18:20:44.109Z", "seen": true}}, {"model": "messenger.message", "pk": 39, "fields": {"sender": 1, "chat": 7, "text": "a", "sent_datetime": "2022-09-18T15:27:19.333Z", "seen": true}}, {"model": "messenger.message", "pk": 40, "fields": {"sender": 1, "chat": 7, "text": "Привет", "sent_datetime": "2022-09-18T15:27:28.312Z", "seen": true}}, {"model": "messenger.message", "pk": 41, "fields": {"sender": 1, "chat": 7, "text": "Как дела?", "sent_datetime": "2022-09-18T15:28:01.945Z", "seen": true}}, {"model": "messenger.message", "pk": 42, "fields": {"sender": 1, "chat": 7, "text": "Привет", "sent_datetime": "2022-09-18T21:44:17.550Z", "seen": true}}, {"model": "messenger.message", "pk": 43, "fields": {"sender": 1, "chat": 7, "text": "Привет", "sent_datetime": "2022-09-18T21:44:24.143Z", "seen": true}}, {"model": "messenger.message", "pk": 44, "fields": {"sender": 1, "chat": 7, "text": "adfs", "sent_datetime": "2022-09-18T22:32:10.627Z", "seen": true}}, {"model": "messenger.message", "pk": 45, "fields": {"sender": 1, "chat": 7, "text": "a", "sent_datetime": "2022-09-18T22:52:53.808Z", "seen": true}}, {"model": "messenger.message", "pk": 46, "fields": {"sender": 1, "chat": 7, "text": "a", "sent_datetime": "2022-09-18T22:53:06.449Z", "seen": true}}, {"model": "messenger.message", "pk": 47, "fields": {"sender": 1, "chat": 7, "text": "a", "sent_datetime": "2022-09-18T22:53:17.916Z", "seen": true}}, {"model": "messenger.message", "pk": 48, "fields": {"sender": 1, "chat": 9, "text": "a", "sent_datetime": "2022-09-18T22:53:54.316Z", "seen": false}}, {"model": "messenger.message", "pk": 49, "fields": {"sender": 1, "chat": 10, "text": "hi", "sent_datetime": "2022-09-19T04:00:34.312Z", "seen": true}}, {"model": "messenger.message", "pk": 50, "fields": {"sender": 55, "chat": 10, "text": "hi", "sent_datetime": "2022-09-19T04:02:15.446Z", "seen": true}}, {"model": "messenger.message", "pk": 51, "fields": {"sender": 55, "chat": 10, "text": "a", "sent_datetime": "2022-09-19T04:02:24.188Z", "seen": true}}, {"model": "messenger.message", "pk": 52, "fields": {"sender": 55, "chat": 10, "text": "", "sent_datetime": "2022-09-19T04:02:29.070Z", "seen": true}}, {"model": "messenger.message", "pk": 53, "fields": {"sender": 55, "chat": 10, "text": "a", "sent_datetime": "2022-09-19T04:03:06.211Z", "seen": true}}, {"model": "messenger.message", "pk": 54, "fields": {"sender": 54, "chat": 7, "text": "hi", "sent_datetime": "2022-09-19T04:03:35.567Z", "seen": true}}, {"model": "messenger.message", "pk": 55, "fields": {"sender": 54, "chat": 7, "text": "a", "sent_datetime": "2022-09-19T04:05:18.019Z", "seen": true}}, {"model": "messenger.message", "pk": 56, "fields": {"sender": 54, "chat": 7, "text": "a", "sent_datetime": "2022-09-19T04:05:43.695Z", "seen": true}}, {"model": "messenger.message", "pk": 57, "fields": {"sender": 54, "chat": 7, "text": "a", "sent_datetime": "2022-09-19T04:06:11.839Z", "seen": true}}, {"model": "messenger.message", "pk": 58, "fields": {"sender": 54, "chat": 7, "text": "a", "sent_datetime": "2022-09-19T04:06:28.136Z", "seen": true}}, {"model": "messenger.message", "pk": 59, "fields": {"sender": 1, "chat": 7, "text": "a", "sent_datetime": "2022-09-19T04:06:33.095Z", "seen": true}}, {"model": "messenger.message", "pk": 60, "fields": {"sender": 1, "chat": 7, "text": "a", "sent_datetime": "2022-09-19T04:06:36.066Z", "seen": true}}, {"model": "messenger.message", "pk": 61, "fields": {"sender": 54, "chat": 7, "text": "a", "sent_datetime": "2022-09-19T04:12:00.132Z", "seen": true}}, {"model": "messenger.message", "pk": 62, "fields": {"sender": 1, "chat": 7, "text": "a", "sent_datetime": "2022-09-19T04:12:03.157Z", "seen": true}}, {"model": "messenger.message", "pk": 63, "fields": {"sender": 54, "chat": 7, "text": "a", "sent_datetime": "2022-09-19T04:36:00.639Z", "seen": true}}, {"model": "messenger.message", "pk": 64, "fields": {"sender": 54, "chat": 7, "text": "a", "sent_datetime": "2022-09-19T04:36:13.835Z", "seen": true}}, {"model": "messenger.message", "pk": 65, "fields": {"sender": 54, "chat": 7, "text": "a", "sent_datetime": "2022-09-19T04:56:21.843Z", "seen": true}}, {"model": "messenger.message", "pk": 66, "fields": {"sender": 55, "chat": 10, "text": "a", "sent_datetime": "2022-09-19T04:56:36.745Z", "seen": true}}, {"model": "messenger.message", "pk": 67, "fields": {"sender": 54, "chat": 7, "text": "a", "sent_datetime": "2022-09-19T04:57:21.035Z", "seen": true}}, {"model": "messenger.message", "pk": 68, "fields": {"sender": 54, "chat": 7, "text": "a", "sent_datetime": "2022-09-19T04:58:07.167Z", "seen": true}}, {"model": "messenger.message", "pk": 69, "fields": {"sender": 54, "chat": 7, "text": "a", "sent_datetime": "2022-09-19T04:58:52.385Z", "seen": true}}, {"model": "messenger.message", "pk": 70, "fields": {"sender": 54, "chat": 7, "text": "a", "sent_datetime": "2022-09-19T04:59:10.875Z", "seen": true}}, {"model": "messenger.message", "pk": 71, "fields": {"sender": 55, "chat": 10, "text": "a", "sent_datetime": "2022-09-19T04:59:30.432Z", "seen": true}}, {"model": "messenger.message", "pk": 72, "fields": {"sender": 55, "chat": 10, "text": "a", "sent_datetime": "2022-09-19T04:59:58.048Z", "seen": true}}, {"model": "messenger.message", "pk": 73, "fields": {"sender": 55, "chat": 10, "text": "a", "sent_datetime": "2022-09-19T05:01:07.663Z", "seen": true}}, {"model": "messenger.message", "pk": 74, "fields": {"sender": 55, "chat": 10, "text": "a", "sent_datetime": "2022-09-19T05:02:38.070Z", "seen": true}}, {"model": "messenger.message", "pk": 75, "fields": {"sender": 55, "chat": 10, "text": "a", "sent_datetime": "2022-09-19T05:03:07.655Z", "seen": true}}, {"model": "messenger.message", "pk": 76, "fields": {"sender": 55, "chat": 10, "text": "a", "sent_datetime": "2022-09-19T05:03:15.593Z", "seen": true}}, {"model": "messenger.message", "pk": 77, "fields": {"sender": 55, "chat": 10, "text": "a", "sent_datetime": "2022-09-19T05:03:38.810Z", "seen": true}}, {"model": "messenger.message", "pk": 78, "fields": {"sender": 54, "chat": 7, "text": "a", "sent_datetime": "2022-09-19T05:03:49.677Z", "seen": true}}, {"model": "messenger.message", "pk": 79, "fields": {"sender": 54, "chat": 7, "text": "a", "sent_datetime": "2022-09-19T05:04:30.563Z", "seen": true}}, {"model": "messenger.message", "pk": 80, "fields": {"sender": 54, "chat": 7, "text": "a", "sent_datetime": "2022-09-19T05:07:05.392Z", "seen": true}}, {"model": "messenger.message", "pk": 81, "fields": {"sender": 54, "chat": 7, "text": "a", "sent_datetime": "2022-09-19T05:07:34.485Z", "seen": true}}, {"model": "messenger.message", "pk": 82, "fields": {"sender": 54, "chat": 7, "text": "a", "sent_datetime": "2022-09-19T05:08:46.558Z", "seen": true}}, {"model": "messenger.message", "pk": 83, "fields": {"sender": 54, "chat": 7, "text": "a", "sent_datetime": "2022-09-19T05:09:08.614Z", "seen": true}}, {"model": "messenger.message", "pk": 84, "fields": {"sender": 54, "chat": 7, "text": "a", "sent_datetime": "2022-09-19T05:09:41.857Z", "seen": true}}, {"model": "messenger.message", "pk": 85, "fields": {"sender": 54, "chat": 7, "text": "a", "sent_datetime": "2022-09-19T05:09:44.914Z", "seen": true}}, {"model": "messenger.message", "pk": 86, "fields": {"sender": 54, "chat": 7, "text": "a", "sent_datetime": "2022-09-19T05:09:45.968Z", "seen": true}}, {"model": "messenger.message", "pk": 87, "fields": {"sender": 54, "chat": 7, "text": "a", "sent_datetime": "2022-09-19T05:09:46.543Z", "seen": true}}, {"model": "messenger.message", "pk": 88, "fields": {"sender": 1, "chat": 9, "text": "a", "sent_datetime": "2022-09-19T05:10:54.009Z", "seen": false}}, {"model": "messenger.message", "pk": 89, "fields": {"sender": 54, "chat": 7, "text": "a", "sent_datetime": "2022-09-19T05:18:27.100Z", "seen": true}}, {"model": "messenger.message", "pk": 90, "fields": {"sender": 55, "chat": 10, "text": "a", "sent_datetime": "2022-09-19T05:38:59.625Z", "seen": true}}, {"model": "messenger.message", "pk": 91, "fields": {"sender": 55, "chat": 10, "text": "a", "sent_datetime": "2022-09-19T05:40:06.373Z", "seen": true}}, {"model": "messenger.message", "pk": 92, "fields": {"sender": 55, "chat": 10, "text": "a", "sent_datetime": "2022-09-19T05:40:57.713Z", "seen": true}}, {"model": "messenger.message", "pk": 93, "fields": {"sender": 55, "chat": 10, "text": "a", "sent_datetime": "2022-09-19T05:41:48.066Z", "seen": true}}, {"model": "messenger.message", "pk": 94, "fields": {"sender": 55, "chat": 10, "text": "a", "sent_datetime": "2022-09-19T05:42:01.444Z", "seen": true}}, {"model": "messenger.message", "pk": 95, "fields": {"sender": 55, "chat": 10, "text": "a", "sent_datetime": "2022-09-19T05:42:03.065Z", "seen": true}}]